id, TFT, TEC, level, cd
0,4834.000000,9032.000000,1,inf
1,1607.229736,16748.906250,1,inf
2,1753.277222,13508.773438,1,0.530924
3,2281.505127,11146.587891,1,0.415638
4,2048.403320,13227.562500,1,0.396478
5,3352.904785,10756.715820,1,0.238325
6,3503.351562,9662.977539,1,0.188357
7,4464.000000,9032.000000,1,0.159602
8,3704.000000,9579.523438,1,0.136386
9,2462.125488,11009.550781,1,0.129037
10,4757.000000,9032.000000,1,0.114666
11,3817.000000,9360.599609,1,0.096273
12,3212.270264,10805.979492,1,0.092662
13,2818.505127,10897.035156,1,0.082021
14,4242.000000,9032.000000,1,0.074068
15,3916.000000,9343.599609,1,0.073570
16,1868.263550,13276.084961,1,0.073329
17,3503.351562,9662.977539,1,0.072997
18,2605.505127,10900.698242,1,0.069722
19,1892.596924,13276.084961,1,0.062114
20,2949.505127,10865.035156,1,0.059794
21,2603.043457,10919.791016,1,0.058540
22,3099.197510,10865.035156,1,0.058500
23,4156.000000,9032.000000,1,0.052107
24,3990.000000,9206.599609,1,0.046682
25,3048.197510,10865.035156,1,0.046391
26,2861.270264,10879.420898,1,0.044745
27,4096.000000,9125.599609,1,0.043120
28,4056.000000,9125.599609,1,0.037351
29,4006.000000,9198.599609,1,0.030950
