id, TFT, TEC, level, cd
0,5304.000000,9032.000000,1,inf
1,139.062469,11829.241211,1,inf
2,913.236084,10916.486328,1,0.466419
3,950.846130,9928.538086,1,0.375856
4,448.749390,11517.386719,1,0.281116
5,722.241821,11200.164062,1,0.198799
6,1257.000000,9807.369141,1,0.172598
7,333.715851,11776.093750,1,0.171446
8,3332.000000,9032.000000,1,0.152374
9,2783.000000,9042.799805,1,0.141907
10,850.303101,11178.771484,1,0.138392
11,1645.000000,9405.000000,1,0.129063
12,1433.692383,9664.200195,1,0.125096
13,4433.000000,9032.000000,1,0.124300
14,2324.000000,9171.000000,1,0.115156
15,3899.000000,9032.000000,1,0.113457
16,3570.000000,9032.000000,1,0.109779
17,4156.000000,9032.000000,1,0.103389
18,982.000000,9902.369141,1,0.102593
19,4798.000000,9032.000000,1,0.096807
20,2033.000000,9190.799805,1,0.086073
21,2589.000000,9169.799805,1,0.084715
22,1687.000000,9240.646484,1,0.075987
23,5178.000000,9032.000000,1,0.075691
24,1916.000000,9190.799805,1,0.074742
25,4933.000000,9032.000000,1,0.073573
26,1632.846191,9572.337891,1,0.065854
27,1546.692383,9614.337891,1,0.057846
28,1739.000000,9240.646484,1,0.053058
29,2595.000000,9080.799805,1,0.051210
