id, TFT, TEC, level, cd
0,4834.000000,9032.000000,1,inf
1,993.946777,13073.656250,1,inf
2,1320.833130,12036.193359,1,0.472674
3,2125.692383,9719.722656,1,0.335505
4,2073.585693,10424.708984,1,0.314319
5,2414.000000,9427.000000,1,0.281372
6,1652.638916,11527.259766,1,0.243572
7,1629.560669,11832.253906,1,0.212329
8,1917.511475,11150.888672,1,0.177704
9,2062.364014,10923.440430,1,0.163933
10,2891.000000,9388.000000,1,0.151888
11,3748.000000,9139.000000,1,0.092682
12,4156.000000,9032.000000,1,0.092515
13,3623.000000,9149.000000,1,0.086327
14,4561.000000,9032.000000,1,0.082551
15,2052.097168,11064.652344,1,0.078393
16,3897.000000,9042.799805,1,0.073504
17,3235.000000,9149.000000,1,0.072005
18,4742.000000,9032.000000,1,0.071093
19,3132.076904,9306.077148,1,0.068846
20,3145.000000,9159.000000,1,0.065667
21,3064.000000,9352.000000,1,0.060080
22,3878.000000,9042.799805,1,0.059218
23,4425.000000,9032.000000,1,0.058853
24,1930.847900,11101.857422,1,0.056385
25,3426.000000,9149.000000,1,0.054947
26,3412.000000,9149.000000,1,0.049739
27,4335.000000,9032.000000,1,0.047656
28,4242.000000,9032.000000,1,0.046614
29,2945.000000,9352.000000,1,0.035937
